{
	"loss": [],
	"seat_ezs": [
		[
			0.01159821919511508,
			0.98419
		]
	],
	"ori_seat_ezs": [
		[
			-0.07583615747451156,
			0.74982
		]
	],
	"IAs": [
		9.054309381746697e-08
	],
	"err_nums": [
		739
	]
}