{
	"loss": [],
	"seat_ezs": [
		[
			0.6288048730353851,
			0.25061
		]
	],
	"ori_seat_ezs": [
		[
			0.17785181411976583,
			0.4536
		]
	],
	"log_ezs": [
		[
			1.3634821638274481,
			0.00483
		]
	],
	"IAs": [
		0.01202274796327039
	],
	"err_nums": [
		898
	]
}