{
	"loss": [],
	"seat_ezs": [
		[
			0.023413077881560638,
			0.96097
		]
	],
	"ori_seat_ezs": [
		[
			-0.02690509865182726,
			0.91021
		]
	],
	"IAs": [
		-5.773654181637629e-08
	],
	"err_nums": [
		1934
	]
}