{
	"loss": [],
	"err_nums": [
		662
	],
	"IAs": [
		0.20715519558104611
	],
	"seat_ezs": [
		[
			0.3249797160700463,
			0.53936
		]
	],
	"log_ezs": [
		[
			1.2563856623290959,
			0.0055
		]
	],
	"ori_seat_ezs": [
		[
			0.02581668947337877,
			0.9131
		]
	]
}