{
	"loss": [],
	"seat_ezs": [
		[
			1.0492040295521996,
			0.03715
		]
	],
	"ori_seat_ezs": [
		[
			0.026950699319659367,
			0.91069
		]
	],
	"log_ezs": [
		[
			1.2070232160384746,
			0.01135
		]
	],
	"IAs": [
		0.012623108910208162
	],
	"err_nums": [
		991
	]
}