{
      "model_names": [
            "bart_base_CDS_5th",
            "bart_base_CDS_3th",
            "bart_base_CDS_2th",
            "bart_base_CDS_1th",
            "bart_base_CDS_4th"
      ],
      "err_nums": [
            789,
            906,
            869,
            861,
            891
      ],
      "IAs": [
            0.6848391071233588,
            0.47383519259821827,
            0.5327942276293087,
            0.6045517940359222,
            0.5512197533553248
      ],
      "stat_acc": [
            0.6692720306513411,
            0.015467542568018557
      ],
      "stat_IA": [
            0.5694480149484267,
            0.0712249407200337
      ]
}