{
      "model_names": [
            "bart_base_ER_5th",
            "bart_base_ER_1th",
            "bart_base_ER_3th",
            "bart_base_ER_2th",
            "bart_base_ER_4th"
      ],
      "err_nums": [
            926,
            958,
            874,
            846,
            734
      ],
      "IAs": [
            0.4242390720601465,
            0.3653145997149208,
            0.4872199308408167,
            0.5181851399760811,
            0.7321657106073206
      ],
      "stat_acc": [
            0.6675862068965518,
            0.02964794431103446
      ],
      "stat_IA": [
            0.5054248906398572,
            0.12500213976204805
      ]
}