{
      "model": "gpt2-medium",
      "SEAT-v2": -0.2981796581707961,
      "SEAT-v1": -0.3297822561549808,
      "DA-score": 0.8417624521072797
}{
      "model": "gpt2-medium_SENT_DEBIAS",
      "SEAT-v2": 0.011585961206264062,
      "SEAT-v1": -0.07583661983308462,
      "DA-score": 0.7168582375478927
}{
      "model": "gpt2_SENT_DEBIAS",
      "SEAT-v2": 0.023375177096949824,
      "SEAT-v1": -0.026900173228359987,
      "DA-score": 0.2590038314176245
}{
      "model": "gpt2",
      "SEAT-v2": 0.7465725130985419,
      "SEAT-v1": 0.28515287289385016,
      "DA-score": 0.7666666666666666
}