{
      "model_names": [
            "bart_large_CDS_5th",
            "bart_large_CDS_1th",
            "bart_large_CDS_3th",
            "bart_large_CDS_4th",
            "bart_large_CDS_2th"
      ],
      "err_nums": [
            917,
            891,
            756,
            728,
            850
      ],
      "IAs": [
            1.0709256450021623,
            0.9519122811074465,
            1.6563016445508005,
            1.435901450770258,
            1.1479410027709551
      ],
      "stat_acc": [
            0.6826053639846743,
            0.02844408937550879
      ],
      "stat_IA": [
            1.2525964048403244,
            0.2572728593771808
      ]
}