{
      "model_names": [
            "bart_large_ER_4th",
            "bart_large_ER_5th",
            "bart_large_ER_3th",
            "bart_large_ER_2th",
            "bart_large_ER_1th"
      ],
      "err_nums": [
            1005,
            759,
            845,
            895,
            826
      ],
      "IAs": [
            0.7355730177246755,
            1.4616494097014852,
            1.1978810294538924,
            0.9661645392489208,
            1.0059867797224622
      ],
      "stat_acc": [
            0.668199233716475,
            0.0314325728385695
      ],
      "stat_IA": [
            1.073450955170287,
            0.24347655908084545
      ]
}