{
	"loss": [],
	"err_nums": [
		842
	],
	"IAs": [
		0.09752953496496898
	],
	"seat_ezs": [
		[
			1.363271909431518,
			0.00429
		]
	],
	"log_ezs": [
		[
			1.0976486982138898,
			0.02318
		]
	],
	"ori_seat_ezs": [
		[
			-0.09647966635623645,
			0.68009
		]
	]
}